<?xml version="1.0" encoding="UTF-8"?>
<metadata xml:lang="en"><Esri><CreaDate>20120529</CreaDate><CreaTime>15410400</CreaTime><SyncOnce>TRUE</SyncOnce><DataProperties><lineage><Process ToolSource="c:\arcgis\desktop10.0\ArcToolbox\Toolboxes\Spatial Analyst Tools.tbx\RasterCalculator" Date="20120117" Time="110614">RasterCalculator ""glp2p_nols" * "noaa1m"" E:\grids\reduced_lake_levels\glb\prox2phrag\noaa1m_p2p</Process></lineage><itemProps><itemLocation><linkage Sync="TRUE">file://\\IGSBDAEBWS395W7\D$\to_CIDA\1june2012\spatial_data\noaa1m_p2p</linkage><protocol Sync="TRUE">Local Area Network</protocol></itemLocation></itemProps><copyHistory><copy source="E:\grids\reduced_lake_levels\glb\prox2phrag\noaa1m_p2p" dest="\\IGSBDAEBWS395W7\D$\to_CIDA\1june2012\spatial_data\noaa1m_p2p" date="20120529" time="15410400"></copy></copyHistory></DataProperties><ArcGISstyle>FGDC CSDGM Metadata</ArcGISstyle></Esri></metadata>
